[{"model": "home.usuario", "pk": 9, "fields": {"nombre": "Marta", "apellidos": "Fernßndez", "corre_electronico": "marta.ruiz@jardinmania.com", "password": "argon2$argon2id$v=19$m=102400,t=2,p=8$UWN6ZUxoZk5uMHl4Z0hwcmltNGx2NA$Uig3gsA2vYYM+4UPNB+gGwPBS2FJYcOdGWsDTh+fpLA", "last_login": "2025-11-16T11:13:48.129Z", "is_active": true, "is_staff": false, "is_superuser": false, "groups": [], "user_permissions": []}}, {"model": "home.usuario", "pk": 10, "fields": {"nombre": "Laura", "apellidos": "G¾mez", "corre_electronico": "laura.gomez11@gmail.com", "password": "argon2$argon2id$v=19$m=102400,t=2,p=8$VHZiV0g5cGdndWRBV0pDUHBkOXJxbQ$06sYogotH+sdZ3GQ4B2q1S+qetRBgwnmyb1Az8qpQ54", "last_login": "2025-11-16T10:49:30.172Z", "is_active": true, "is_staff": false, "is_superuser": false, "groups": [], "user_permissions": []}}, {"model": "home.usuario", "pk": 16, "fields": {"nombre": "MarÝa", "apellidos": "Carrera", "corre_electronico": "maria.carrera33@gmail.com", "password": "argon2$argon2id$v=19$m=102400,t=2,p=8$dEdJVEdRMjdoTUR6bW9wMloxTmZEaQ$0p/jIe9vgIbsoAJdD9is8jj5TZnwSXzPBm9QNCMc5J4", "last_login": "2025-11-16T11:14:09.089Z", "is_active": true, "is_staff": false, "is_superuser": false, "groups": [], "user_permissions": []}}, {"model": "home.usuario", "pk": 17, "fields": {"nombre": "Donna", "apellidos": "Borgia", "corre_electronico": "donna@floresjardin.com", "password": "argon2$argon2id$v=19$m=102400,t=2,p=8$VVdUTDF4VENlQ05BNE8wMU1XQTZYUQ$lXunsPGUiYtYue+SpQ4w63/U696JWCsRS1ad07Jkafs", "last_login": "2025-11-16T11:18:08.522Z", "is_active": true, "is_staff": false, "is_superuser": false, "groups": [], "user_permissions": []}}, {"model": "home.usuario", "pk": 20, "fields": {"nombre": "Jesus", "apellidos": "Torres", "corre_electronico": "jtorres@us.es", "password": "argon2$argon2id$v=19$m=102400,t=2,p=8$RnlVVjlaZ0ZkeGRDV3JIczY2RkRvYg$QzzrUKi0GdF/W4cYAPuvOki12y+cLTqVg7OkEshEStE", "last_login": "2025-11-16T11:14:43.032Z", "is_active": true, "is_staff": true, "is_superuser": true, "groups": [], "user_permissions": []}}, {"model": "home.usuario", "pk": 21, "fields": {"nombre": "Carlos", "apellidos": "GarcÝa", "corre_electronico": "cliente@example.com", "password": "argon2$argon2id$v=19$m=102400,t=2,p=8$TjRGaFpPTnpYd0pyaTFDajh5dmo1eQ$ezxsvFi+Yemjm4B0VNUDXOZIA8kemQec1zkmGVs1LgQ", "last_login": null, "is_active": true, "is_staff": false, "is_superuser": false, "groups": [], "user_permissions": []}}, {"model": "home.usuario", "pk": 22, "fields": {"nombre": "cc", "apellidos": "cc", "corre_electronico": "hola@us.es", "password": "argon2$argon2id$v=19$m=102400,t=2,p=8$MVFyZUJ3dzJZNUdKeHNoS0F1RnJNag$PCMxvWSBj1qdYgIVuyYOLgGnI9r0sJ7GVRvQhNaieF0", "last_login": "2025-11-16T11:57:15.406Z", "is_active": true, "is_staff": false, "is_superuser": false, "groups": [], "user_permissions": []}}, {"model": "home.usuariocliente", "pk": 9, "fields": {"usuario": 9, "tipo_pago": "PASARELA_PAGO", "telefono": "658924153", "direccion_envio": "", "tipo_envio": "RECOGIDA_TIENDA", "last_login": null}}, {"model": "home.usuariocliente", "pk": 10, "fields": {"usuario": 10, "tipo_pago": "CONTRAREEMBOLSO", "telefono": null, "direccion_envio": "Calle principal,123, 28001 Madrid, Espa±a", "tipo_envio": "RECOGIDA_TIENDA", "last_login": null}}, {"model": "home.usuariocliente", "pk": 16, "fields": {"usuario": 16, "tipo_pago": "PASARELA_PAGO", "telefono": null, "direccion_envio": "Calle principal,123, 28001 Madrid, Espa±a", "tipo_envio": "DOMICILIO", "last_login": "2025-11-09T09:47:08.845Z"}}, {"model": "home.usuariocliente", "pk": 17, "fields": {"usuario": 17, "tipo_pago": "PASARELA_PAGO", "telefono": "775923410", "direccion_envio": "C/Mirador, 23, 28001 Madrid,", "tipo_envio": "RECOGIDA_TIENDA", "last_login": "2025-11-09T13:12:19.571Z"}}, {"model": "home.usuariocliente", "pk": 18, "fields": {"usuario": 21, "tipo_pago": "PASARELA_PAGO", "telefono": "600123456", "direccion_envio": "Calle Falsa 123, Madrid", "tipo_envio": "DOMICILIO", "last_login": null}}, {"model": "home.usuariocliente", "pk": 19, "fields": {"usuario": 22, "tipo_pago": "PASARELA_PAGO", "telefono": "111111111", "direccion_envio": "Fake street 123, 28001 Madrid, Espa±a", "tipo_envio": "RECOGIDA_TIENDA", "last_login": null}}, {"model": "home.producto", "pk": 2, "fields": {"nombre": "Maceta", "descripcion": "Maceta cilÝndrica de polipropileno Red Cilindro, en color terracota mate. Recomendada para interior y exterior, gracias a que cuenta con una buena resistencia a las heladas de invierno y a los rayos UV, impidiendo su deterioro. Con ella podrßs decorar cualquier rinc¾n de tu hogar con tus plantas o flores favoritas. Cuenta con un agujero perforado en la parte inferior para permitir absorber el agua de un plato o soporte e impedir que las raÝces se pudran. Medidas: 20 x 14 cm (ancho x alto).", "departamento": "Jardin", "seccion": "JARD═N_Y_EXTERIOR", "fabricante": "Index Home", "categoria": "MUEBLES_Y_DECORACION", "precio": "2.36", "stock": 50, "imagen": "media.webp", "esta_agotado": false, "esta_destacado": false, "orden": 9}}, {"model": "home.producto", "pk": 3, "fields": {"nombre": "CÚsped artificial", "descripcion": "CÚsped artificial Valsesia de 30 mm de altura en rollo de 1x5 m, cubriendo una superficie de 5m2. Es muy resistente al trßfico y estß compuesto por fibras de polietileno y polipropileno en 4 colores en tonos verdes y beige, lo que le confiere un aspecto muy estÚtico y realista. Su acabado en PU, un material ligero y moldeable, facilita la instalaci¾n y garantiza que las fibras no se suelten. No se debilita ni deteriora en contacto con el agua, ya que es permeable y tiene una capacidad de drenaje de 60 litros/hora. Es resistente a los rayos UV y a las temperaturas extremas, por lo que permanece verde todo el a±o.", "departamento": "Jardin", "seccion": "JARD═N_Y_EXTERIOR", "fabricante": "Bricomania", "categoria": "MUEBLES_Y_DECORACION", "precio": "84.99", "stock": 496, "imagen": "media.jpeg", "esta_agotado": false, "esta_destacado": false, "orden": 10}}, {"model": "home.producto", "pk": 4, "fields": {"nombre": "BaterÝa solar AGM U-POWER 4,5Ah", "descripcion": "BaterÝa solar AGM U-Power. No requiere de mantenimiento pues se trata de una baterÝa sellada monoblock por lo que puede instalarse en lugares de interior con poca ventilaci¾n. Se trata tambiÚn de una baterÝa que por estar fabricada con ABS cuenta con una gran resistencias. BaterÝas de uso general para todo tipo de aplicaciones. Cuenta con una alta calidad y durabilidad asÝ como un excelente rendimiento y versatilidad, se trata de una baterÝa muy competitiva en los diferentes sectores. Este producto utiliza energÝas limpias para su funcionamiento o genera energÝa a partir de fuentes renovables. Aviso importante: La instalaci¾n de sistemas fotovoltaicos deberßn ser realizadas por profesionales cualificados (electricista conforme a la normativa vigente) Los productos si fallan una vez instalados deben ser verificados por el SAT mediante prueba en remoto antes de su desinstalaci¾n.", "departamento": "Jardin", "seccion": "ACCESORIOS_Y_REPUESTOS", "fabricante": "Index Home", "categoria": "BATERIAS_Y_CARGADORES", "precio": "6.95", "stock": 498, "imagen": "media_1.jpeg", "esta_agotado": false, "esta_destacado": false, "orden": 12}}, {"model": "home.producto", "pk": 5, "fields": {"nombre": "Baliza Led de exterior", "descripcion": "Set de 2 balizas solares con estaca Inspire fabricadas en acero con acabado de color negro. Cuentan con Ýndice de protecci¾n IP44, panel solar policristalino, 1,2 V de voltaje y detector crepuscular. Incluye baterÝa. Este producto es reparable y tiene una garantÝa de 3 a±os; ponte en contacto con el servicio posventa de tu tienda para obtener mßs detalles. Medidas: 6,2 x 39 cm (ancho x alto).", "departamento": "Jardin", "seccion": "JARD═N_Y_EXTERIOR", "fabricante": "Index Home", "categoria": "ILUMINACION_EXTERIOR", "precio": "5.99", "stock": 30, "imagen": "media_2.jpeg", "esta_agotado": false, "esta_destacado": false, "orden": 2}}, {"model": "home.producto", "pk": 6, "fields": {"nombre": "Cadena acero inoxidable", "descripcion": "Cadena con eslab¾n corto al corte, de acero ° eslab¾n 3 mm y 55 kg de carga ·til", "departamento": "Maquinaria", "seccion": "ACCESORIOS_Y_REPUESTOS", "fabricante": "Index Home", "categoria": "CUCHILLAS_Y_CADENAS", "precio": "2.78", "stock": 39, "imagen": "media_3.jpeg", "esta_agotado": false, "esta_destacado": false, "orden": 4}}, {"model": "home.producto", "pk": 7, "fields": {"nombre": "Visera protectora", "descripcion": "Visera protectora con rejilla GARLAND", "departamento": "Seguridad", "seccion": "JARD═N_Y_EXTERIOR", "fabricante": "Security", "categoria": "MUEBLES_Y_DECORACION", "precio": "9.98", "stock": 29, "imagen": "media_4.jpeg", "esta_agotado": false, "esta_destacado": false, "orden": 5}}, {"model": "home.producto", "pk": 8, "fields": {"nombre": "Manguera retraible", "descripcion": "Manguera equipada en espiral Geolia fabricada en PVC de color verde. Incluye pistola multifunci¾n con 5 opciones de riego diferentes para seleccionar y adaptar el mßs adecuado a las distintas zonas y caracterÝsticas de tu jardÝn. Geolia es la marca perfecta para los amantes de la jardinerÝa o el huerto que busquen soluciones de riego. Cuenta con un dißmetro de 9 mm. Medidas: 10 m de largo.\r\n\r\nEspacio reducido. Alta flexibilidad. Diferentes opciones de riego", "departamento": "Jardin", "seccion": "RIEGO", "fabricante": "Index Home", "categoria": "MANGUERAS", "precio": "10.76", "stock": 99, "imagen": "media_5.jpeg", "esta_agotado": false, "esta_destacado": true, "orden": 6}}, {"model": "home.producto", "pk": 9, "fields": {"nombre": "Biotrituradora elÚctrica", "descripcion": "Biotriturador elÚctrico B+D Begas5800-Qs 2800W 45 mm dißmetro de corte", "departamento": "Maquinaria", "seccion": "MAQUINARIA_DE_JARD═N", "fabricante": "Index Home", "categoria": "SOPLADORES_Y_TRITURADORES", "precio": "239.00", "stock": 900, "imagen": "media_6.jpeg", "esta_agotado": false, "esta_destacado": true, "orden": 7}}, {"model": "home.producto", "pk": 10, "fields": {"nombre": "Kit 2 tijeras de poda a baterÝa", "descripcion": "Tijeras de podar a baterÝa + Motosierra 48V: Realiza podas con facilidad gracias a nuestras tijeras de podar elÚctricas a baterÝa. Corta ramas de hasta 3cm de dißmetro con precisi¾n y facilidad. El mango antideslizante garantiza un agarre seguro, mientras que las dos baterÝas de iones de litio de 48 V ofrecen una excelente autonomÝa. Perfectas para vi±edos, huertos y olivares, nuestras tijeras son livianas, fßciles de manejar e inalßmbricas, para una experiencia de poda sin complicaciones. Las tijeras de baterÝa de litio tienen mayor eficiencia, buena durabilidad, buena potencia y seguridad en el uso. La ventaja mßs significativa es el ahorro de tiempo en trabajos complicados, la reducci¾n de posibles lesiones por el uso de tijeras manuales y la mejora de la precisi¾n de la poda. Nuestra mini motosierra elÚctrica a baterÝa es la soluci¾n perfecta para cortar ramas y arbustos de hasta 10 cm de dißmetro. Con dos baterÝas recargables de 48 V, una velocidad de cadena de 5 m/s y una longitud total de hoja de 6\", esta motosierra ofrece un rendimiento fiable y suficiente duraci¾n de la baterÝa para afrontar cualquier trabajo de poda. M┴S INFORMACIËN CaracterÝsticas principales: Dißmetro de corte: 28/30 mm Voltaje de la baterÝa: 48 V Duraci¾n de la baterÝa: aprox. 2 horas Tiempo de carga de la tijera: 3-5 horas Mango ergon¾mico Corte progresivo de doble apertura Velocidad de la cadena: 5 m/s Longitud total de la hoja: 6\" Dimensiones mßximas de corte: 10 cm Tiempo de carga de la motosierra: aprox. 3-5 horas El paquete contiene: N.║ 1 Tijera N.║ 1 Mini motosierra N.║ 2 BaterÝas de 48 V N.║ 1 Fuente de alimentaci¾n para cargar las baterÝas N.║ 1 MaletÝn de transporte", "departamento": "Jardin", "seccion": "HERRAMIENTAS_MANUALES", "fabricante": "Security", "categoria": "CORTE_Y_PODA", "precio": "29590.00", "stock": 98, "imagen": "media.jpg", "esta_agotado": false, "esta_destacado": true, "orden": 8}}, {"model": "home.producto", "pk": 11, "fields": {"nombre": "Maceta", "descripcion": "Maceta de polipropileno Millennium R gris de 39x39x39.1cm", "departamento": "Jardin", "seccion": "JARD═N_Y_EXTERIOR", "fabricante": "Index Home", "categoria": "MUEBLES_Y_DECORACION", "precio": "22.99", "stock": 0, "imagen": "media_7.jpeg", "esta_agotado": true, "esta_destacado": false, "orden": 11}}, {"model": "home.producto", "pk": 12, "fields": {"nombre": "erere", "descripcion": "rerer", "departamento": "434", "seccion": "JARD═N_Y_EXTERIOR", "fabricante": "ere", "categoria": "MUEBLES_Y_DECORACION", "precio": "3.00", "stock": 763, "imagen": "", "esta_agotado": false, "esta_destacado": false, "orden": 3}}, {"model": "home.producto", "pk": 13, "fields": {"nombre": "CortacÚsped elÚctrico", "descripcion": "Potente cortacÚsped de 1800W", "departamento": "JardinerÝa", "seccion": "MAQUINARIA_DE_JARD═N", "fabricante": "Bosch", "categoria": "CORTACESPEDES_Y_DESBROZADORAS", "precio": "249.99", "stock": 10, "imagen": "", "esta_agotado": false, "esta_destacado": false, "orden": 1}}, {"model": "home.cestacompra", "pk": 1, "fields": {"usuario_cliente": null, "session_id": "0e01f3b7-3141-4cba-922c-ea3223215d48"}}, {"model": "home.cestacompra", "pk": 2, "fields": {"usuario_cliente": null, "session_id": "8f41b80b-82e2-492e-b739-d96323091a1e"}}, {"model": "home.cestacompra", "pk": 3, "fields": {"usuario_cliente": 17, "session_id": null}}, {"model": "home.cestacompra", "pk": 4, "fields": {"usuario_cliente": null, "session_id": "63c9248e-b60e-4186-a69a-662f8b9254a1"}}, {"model": "home.cestacompra", "pk": 5, "fields": {"usuario_cliente": 19, "session_id": null}}, {"model": "home.itemcestacompra", "pk": 5, "fields": {"cesta_compra": 1, "producto": 4, "cantidad": 3, "precio_unitario": "6.95", "total": "20.85"}}, {"model": "home.itemcestacompra", "pk": 11, "fields": {"cesta_compra": 2, "producto": 8, "cantidad": 2, "precio_unitario": "10.76", "total": "21.52"}}, {"model": "home.itemcestacompra", "pk": 12, "fields": {"cesta_compra": 2, "producto": 11, "cantidad": 1, "precio_unitario": "22.99", "total": "22.99"}}, {"model": "home.itemcestacompra", "pk": 13, "fields": {"cesta_compra": 2, "producto": 3, "cantidad": 1, "precio_unitario": "84.99", "total": "84.99"}}, {"model": "home.itemcestacompra", "pk": 14, "fields": {"cesta_compra": 3, "producto": 8, "cantidad": 1, "precio_unitario": "10.76", "total": "10.76"}}, {"model": "home.itemcestacompra", "pk": 15, "fields": {"cesta_compra": 4, "producto": 8, "cantidad": 1, "precio_unitario": "10.76", "total": "10.76"}}, {"model": "home.itemcestacompra", "pk": 17, "fields": {"cesta_compra": 5, "producto": 8, "cantidad": 2, "precio_unitario": "10.76", "total": "21.52"}}, {"model": "home.pedido", "pk": 1, "fields": {"usuario_cliente": 18, "fecha_creacion": "2025-11-13T10:16:10.626Z", "estado": "PAGADO", "subtotal_importe": "249.99", "coste_entrega": "5.00", "total_importe": "254.99", "metodo_pago": "PASARELA_PAGO", "tipo_envio": "DOMICILIO", "direccion_envio": "Calle Falsa 123, Madrid", "correo_electronico": "cliente@example.com", "telefono": "600123456", "pago": false, "tracking_id": null}}, {"model": "home.pedido", "pk": 2, "fields": {"usuario_cliente": 19, "fecha_creacion": "2025-11-16T11:57:37.159Z", "estado": "PEDIDO", "subtotal_importe": "10.76", "coste_entrega": "0.00", "total_importe": "10.76", "metodo_pago": "PASARELA_PAGO", "tipo_envio": "RECOGIDA_TIENDA", "direccion_envio": "Calle Jardines del Guadalquivir, 45, 41012 Sevilla, Espa±a", "correo_electronico": "hola@us.es", "telefono": "111111111", "pago": true, "tracking_id": null}}, {"model": "home.itempedido", "pk": 1, "fields": {"pedido": 1, "producto": 13, "cantidad": 1, "precio_unitario": "249.99", "total": "249.99"}}, {"model": "home.itempedido", "pk": 2, "fields": {"pedido": 2, "producto": 8, "cantidad": 1, "precio_unitario": "10.76", "total": "10.76"}}, {"model": "home.tarjeta", "pk": 1, "fields": {"usuario_cliente": 19, "card_hash": "argon2$argon2id$v=19$m=102400,t=2,p=8$UjZ0NWxWSUt5b1VBNU0yNExYaDA5UA$nKuj3yvRuGmMOaQYmVW4kDCaeII1gaUNxxYSwgm/SY4", "card_cvv_hash": "argon2$argon2id$v=19$m=102400,t=2,p=8$eWVjazN3MTZLTU82b3JwVXpqeFJHaQ$ofjzMBcP0qLcEcuDXx3vs8zsQ6Qs9qSSG0wuXvqswE4", "card_expiry": "11/28", "ultimos_cuatro": "1111"}}]
